regulatoryGene,targetGene,weight
AT5G49450,AT1G68620,0.492750343641437
AT5G49450,AT3G15500,0.435740364358515
AT3G24140,AT4G05010,0.356787482518051
AT3G24140,AT2G39810,0.2655055654174
AT5G49450,AT5G04340,0.259309154225686
AT5G49450,AT1G05340,0.253747002542707
AT1G05710,AT1G71200,0.252805375920922
AT3G24140,AT1G27660,0.238607410373974
AT2G24260,AT2G21640,0.200877892149819
AT1G27660,AT3G24140,0.18934345245365
AT5G49450,AT2G22470,0.177096656706599
AT3G24140,AT1G10610,0.171060163101748
AT5G49450,AT3G19580,0.163392034781601
AT5G49450,AT1G07590,0.161605215268011
AT3G24140,AT4G03420,0.154165676179113
AT5G49450,AT3G02140,0.153469679144364
AT3G24140,AT4G24480,0.152505443199595
AT5G49450,AT1G79520,0.143470317476164
AT2G27230,AT1G45201,0.142714484692341
AT5G49450,AT3G23920,0.142189957597792
AT5G49450,AT3G02150,0.136310111490059
AT3G24140,AT3G58640,0.132142745200413
AT3G23210,AT1G73120,0.131996164483983
AT5G49450,AT1G22400,0.1302023366481
AT5G49450,AT2G45170,0.125921577647198
AT2G40620,AT3G11110,0.124327813206755
AT4G35040,AT3G11110,0.122727645800461
AT5G49450,AT4G38060,0.121930693608684
AT1G32150,AT2G21640,0.117200591188953
AT4G00480,AT3G28220,0.114681959401686
AT4G14410,AT1G71200,0.111882351691673
AT4G36060,AT2G28780,0.110621168147792
AT5G08130,AT3G24140,0.109446984140777
AT3G24140,AT1G27670,0.109327168294021
AT1G51070,AT1G71200,0.1076936868092
AT5G49450,AT4G25670,0.10730897826538
AT5G49450,AT1G68440,0.10379613455797
AT5G38860,AT1G71200,0.10317705449923
AT2G27230,AT2G21640,0.100518651640232
AT3G06590,AT3G45730,0.0978850229361569
AT4G36930,AT1G71200,0.0978500171751857
AT3G26744,AT1G56170,0.0971311794225485
AT3G24140,AT5G08130,0.0969854165973457
AT3G24140,AT2G21660,0.0962815995323164
AT5G51790,AT2G42940,0.0960377135191476
AT1G10610,AT3G24140,0.0958399206534982
AT5G49450,AT3G47340,0.0950530263505755
AT3G06590,AT4G36890,0.0946794104286442
AT4G17880,AT3G28220,0.0946059485733825
AT2G31280,AT5G60890,0.0941338732850986
AT2G46270,AT1G60270,0.0940281956646385
AT1G03040,AT1G73120,0.0918117713657496
AT5G49450,AT4G17500,0.0917525547009564
AT4G29930,AT1G60270,0.0910297238829594
AT3G24140,AT3G53720,0.0898944366076051
AT5G49450,AT1G01720,0.0877866254774244
AT5G49450,AT4G13250,0.0876673081484115
AT3G06590,AT2G18300,0.087004813006549
AT4G29100,AT2G28780,0.0862073888854843
AT3G56850,AT1G73120,0.0860665072961509
AT2G43010,AT5G15265,0.0854397091658405
AT5G06950,AT5G53210,0.0852890794486574
AT5G49450,AT1G73480,0.0851298799696254
AT4G36930,AT1G33750,0.0850277554646906
AT1G22070,AT2G42940,0.0839625014839063
AT2G18300,AT4G36890,0.0819368498230742
AT4G36730,AT2G28780,0.0808594185393314
AT5G49450,AT5G54165,0.0803293870584625
AT1G32640,AT1G06620,0.0800984758485771
AT3G24140,AT1G69040,0.0797310055635222
AT1G32150,AT2G35930,0.0796439922898794
AT4G01120,AT2G35930,0.0787961176704119
AT2G41070,AT1G60270,0.0786698467318546
AT5G49450,AT1G19180,0.0785902445633272
AT3G07340,AT2G28780,0.0782393121182882
AT5G49450,AT3G22370,0.0782235518961478
AT3G24140,AT1G33240,0.0777340708113686
AT1G32640,AT5G48540,0.0766670597459361
AT5G49450,AT1G15100,0.0764732388507535
AT5G24800,AT4G37730,0.0762205319966894
AT4G36540,AT3G62160,0.0760805220906822
AT1G49720,AT2G42940,0.0758408313135958
AT3G24140,AT3G12502,0.0758121071300604
AT3G24140,AT1G20490,0.0754271336065421
AT5G08130,AT1G14120,0.0752534054838136
AT5G49450,AT3G29575,0.0751582779535768
AT5G49450,AT1G07150,0.0747106759036227
AT2G24260,AT5G10140,0.0743944965221802
AT5G49450,AT5G43260,0.0735478784641652
AT4G38900,AT2G42940,0.0732870361793898
AT2G24260,AT4G12840,0.0728679811719725
AT3G24140,AT1G60260,0.0727059775101684
AT3G24140,AT1G77920,0.07151542445141
AT1G69010,AT3G28220,0.0713594320821203
AT3G24140,AT5G43020,0.0712059550925019
AT2G24260,AT1G56170,0.07088821821265
AT3G20640,AT4G37730,0.0706352768420611
AT3G62090,AT3G01680,0.0705418140029076
AT3G24140,AT2G14740,0.068979563925338
AT5G49450,AT1G66760,0.0686998573264108
AT5G49450,AT5G16010,0.0685779921149114
AT2G18300,AT3G45730,0.0684051909959422
AT3G19860,AT1G28360,0.0672226303879128
AT2G46810,AT5G05270,0.0671164626707919
AT3G06590,AT3G10340,0.0661477229639139
AT5G49450,AT2G36630,0.0658717128252
AT1G49720,AT3G28220,0.0657227318895783
AT5G50915,AT1G14120,0.0650862640888677
AT1G43700,AT5G62480,0.064714117775692
AT5G49450,AT4G35783,0.0641326585178748
AT3G26744,AT3G52110,0.0639071696139613
AT1G32640,AT1G70700,0.0636956422878711
AT5G49450,AT2G37750,0.0632593849118481
AT4G34000,AT3G11110,0.0631964503888145
AT5G08130,AT4G05010,0.0629275602207971
AT2G31280,AT2G32020,0.0625284024210735
AT1G05805,AT3G15950,0.0623302169182361
AT2G18300,AT3G06590,0.0622714782638284
AT1G32640,AT1G20510,0.0622023465917616
AT1G27660,AT5G15830,0.0620033834857347
AT2G24260,AT5G53030,0.0619909407299702
AT1G45249,AT2G04100,0.061837082678409
AT2G31370,AT5G60890,0.0615110527244719
AT3G24140,AT2G20180,0.0614352918699052
AT2G35530,AT5G15265,0.0611901795360827
AT1G32640,AT4G29930,0.0610785198368836
AT4G14410,AT2G32020,0.0610740023625531
AT3G19290,AT1G14120,0.0610438199551957
AT3G26744,AT3G11110,0.0607526971406431
AT2G40620,AT5G62480,0.060495080847133
AT1G01260,AT5G04000,0.0604888242652589
AT5G49450,AT4G39090,0.0604687503543327
AT1G63650,AT1G33750,0.0603922862983652
AT2G41070,AT5G48540,0.0602802991617922
AT3G24140,AT2G46800,0.0602760712068275
AT1G06850,AT1G60270,0.0599534681545384
AT3G26744,AT2G24260,0.059876918851853
AT3G06590,AT1G72990,0.0598499817581007
AT5G46760,AT1G06620,0.0597155401849531
AT5G49450,AT1G65690,0.0593737618154015
AT3G59060,AT2G35930,0.0580653918812457
AT1G22070,AT5G48540,0.0580408379814016
AT1G05805,AT3G47340,0.058023396878814
AT1G10120,AT4G29270,0.0580017797038393
AT2G24260,AT2G23430,0.0578532981188669
AT1G08320,AT2G47140,0.0575289828009377
AT2G43010,AT1G71200,0.057109062061584
AT4G38900,AT5G48540,0.056803041631618
AT5G49450,AT5G04250,0.0567322601277541
AT3G17100,AT3G11110,0.0567186496582622
AT2G18300,AT4G36010,0.056349438875954
AT1G32150,AT5G15830,0.0559786581375581
AT3G24140,AT5G63160,0.0558424481166604
AT3G17100,AT1G31050,0.0558103972513708
AT3G26744,AT3G28220,0.0557138290551342
AT5G49450,AT3G11410,0.0556607493370771
AT1G05710,AT4G35900,0.0555651397594383
AT4G00050,AT4G29270,0.0555478445561877
AT4G36540,AT1G60270,0.0555226934361911
AT2G24260,AT1G62310,0.0554655388305664
AT3G24140,AT4G14270,0.0553464711541719
AT3G06590,AT3G62160,0.0552940888072198
AT3G06590,AT1G60270,0.0551646785348213
AT1G12860,AT4G36060,0.055086711352612
AT2G40620,AT1G32120,0.0548432751751512
AT3G59060,AT3G11110,0.0546989298710889
AT3G26744,AT5G28640,0.0546734156241427
AT3G26744,AT5G11420,0.0545357481499981
AT1G03040,AT2G28780,0.0543303289355072
AT3G26744,AT5G10140,0.0543070090929253
AT4G34000,AT4G37895,0.0541557279963862
AT5G24800,AT5G65140,0.0539237898232963
AT3G26744,AT1G30690,0.053891414610827
AT2G46810,AT1G06620,0.0537981087098212
AT1G68920,AT1G24580,0.0537527170179119
AT2G24260,AT1G29395,0.053676093723705
AT1G27660,AT4G05010,0.0534648332126499
AT3G26744,AT1G12860,0.0534367703876972
AT5G49450,AT4G05320,0.0532774633117707
AT1G03970,AT3G28220,0.0528549963712789
AT2G40620,AT4G18700,0.052689500750901
AT4G29100,AT1G43650,0.0526878863288997
AT5G49450,AT5G49560,0.0525883347041421
AT2G40620,AT5G15600,0.0524721366224803
AT4G34000,AT2G42940,0.0523542249047937
AT3G59060,AT5G49740,0.0521881410117915
AT3G59060,AT5G07860,0.0521287820632078
AT2G18300,AT1G72990,0.0518608654558477
AT5G24800,AT3G47540,0.051209830801546
AT2G46270,AT2G42940,0.051185053655388
AT1G61660,AT5G60890,0.0510756454777261
AT5G49450,AT5G15190,0.0508810994997484
AT5G51790,AT1G14120,0.0507600105051708
AT3G06590,AT3G14870,0.0507545078348911
AT2G24260,AT3G26744,0.0507235952742559
AT1G32640,AT4G23170,0.0506970119279985
AT3G19290,AT2G41130,0.05068140057333
AT5G48560,AT3G59060,0.0506129580769515
AT1G61660,AT5G14750,0.0505264040392527
AT3G24140,AT3G49260,0.0505101917604264
AT3G10800,AT5G15265,0.0503493483555349
AT1G08320,AT3G55240,0.0503426473204092
AT5G48560,AT2G47180,0.050263337512014
AT5G54680,AT1G28360,0.0502478011188814
AT5G67110,AT1G45201,0.0502038725683641
AT3G26744,AT3G53210,0.0501668213093065
AT3G59060,AT5G53210,0.0501044328791286
AT3G23210,AT5G39240,0.0500991261264517
AT1G05710,AT1G24580,0.050075483422537
AT4G29100,AT3G20640,0.0498156289857398
AT5G06960,AT3G59220,0.0496921733068014
AT3G26744,AT5G63700,0.0496286567298509
AT5G49450,AT5G54940,0.0495985371351394
AT4G01120,AT1G52618,0.0495698143619103
AT2G20180,AT1G14120,0.0493719251056909
AT3G26744,AT1G62310,0.0493421834317683
AT5G48560,AT3G07340,0.0493051602982072
AT3G06590,AT4G36010,0.0492729133667352
AT3G24140,AT1G05710,0.0492696617712422
AT2G18300,AT3G61750,0.0492650458807757
AT1G27660,AT3G12502,0.049160928568953
AT2G24260,AT5G28640,0.0491301594379683
AT2G42380,AT1G32120,0.0490743798803453
AT5G49450,AT1G58340,0.0490117830680036
AT3G24140,AT3G51750,0.0489983122755424
AT4G37730,AT1G45201,0.0489774219315054
AT5G65210,AT3G10340,0.0489566245461885
AT2G41070,AT1G31950,0.0489356594664899
AT5G57150,AT2G32020,0.0488889923044112
AT5G50915,AT2G32020,0.0487644466702061
AT4G29100,AT5G24800,0.0487272761543051
AT4G34000,AT4G33220,0.0486484171481102
AT5G49450,AT4G08290,0.0484125842861512
AT5G62610,AT5G15830,0.048398125615839
AT3G59060,AT5G15265,0.0483795593978718
AT1G32150,AT1G60270,0.048282109683727
AT5G67110,AT1G60270,0.0481883008641643
AT5G54680,AT3G04620,0.0480954991846776
AT3G59060,AT1G62975,0.0480581063928628
AT1G05805,AT1G75030,0.0480430766912527
AT4G36540,AT5G06710,0.0479330922094214
AT2G46270,AT4G37895,0.0478073320110247
AT5G54680,AT1G71200,0.0477991491972741
AT5G49450,AT1G63720,0.0477850990905415
AT4G38900,AT1G71200,0.0477725069230617
AT5G48560,AT1G06620,0.0477419907578926
AT3G26744,AT3G09490,0.0476289581800644
AT1G27660,AT1G07150,0.0474839023261419
AT3G26744,AT2G20515,0.047481091076089
AT3G26744,AT1G09470,0.047437413905076
AT1G29950,AT2G32020,0.0474079181115108
AT3G59060,AT3G59220,0.0473813272227356
AT4G02640,AT2G42940,0.0472838839838547
AT5G08130,AT5G43020,0.04716217903144
AT3G26744,AT5G49560,0.0471589563836689
AT5G62610,AT4G36060,0.0471392678957898
AT1G32640,AT2G41430,0.0470071191558526
AT3G26744,AT3G15357,0.0468543452246516
AT3G26744,AT2G32020,0.0467263936896524
AT3G26744,AT4G39800,0.0466991714471831
AT3G24140,AT1G56220,0.0466590354737482
AT1G32640,AT5G63160,0.0466373291060853
AT2G24260,AT1G52618,0.0466364786778986
AT2G24260,AT2G28780,0.0465498092817125
AT3G24140,AT3G51670,0.0465169640711737
AT3G59060,AT1G22360,0.0463916916980537
AT3G26744,AT2G26040,0.0463547487378386
AT1G26260,AT5G15265,0.0463313899674423
AT5G49450,AT3G17810,0.0462312771567683
AT2G24260,AT4G30980,0.0462128403922045
AT3G59060,AT5G43870,0.0461060190436527
AT5G57150,AT5G48540,0.0460270155212459
AT3G26744,AT3G22450,0.045988340490597
AT1G06070,AT2G41130,0.0459804799783408
AT1G69010,AT1G33750,0.0459103448396254
AT5G08130,AT3G12502,0.0458933061174774
AT1G05710,AT3G24140,0.045863124055182
AT1G29950,AT2G42940,0.045803465869422
AT3G24140,AT4G01670,0.0457548436774971
AT1G12860,AT3G09490,0.0457322853544302
AT1G26260,AT3G05800,0.0456763581058943
AT5G08130,AT2G32020,0.0456749415461464
AT5G50915,AT2G05160,0.0456576332989927
AT3G26744,AT4G23600,0.045522003973272
AT5G62610,AT3G28220,0.0455173839340904
AT5G67110,AT1G72140,0.0454121234143866
AT3G24140,AT1G01240,0.0451775863766738
AT5G48560,AT2G04100,0.0450779215208206
AT4G38900,AT1G33750,0.0450649135248789
AT2G24260,AT4G08290,0.0449609797172102
AT5G62610,AT2G26040,0.0449243478484174
AT5G48560,AT5G11060,0.044639555635933
AT5G08130,AT4G29930,0.0443998233713941
AT3G26744,AT2G37320,0.0443951308409218
AT3G24140,AT4G03390,0.0443344918208994
AT2G46810,AT3G15950,0.0442214686960123
AT3G07340,AT4G00480,0.0441662952198139
AT1G10610,AT1G60270,0.0441444496854688
AT4G14410,AT5G60890,0.0441147706351836
AT1G06850,AT1G33750,0.0440737580112415
AT5G54680,AT3G12510,0.0437758051333143
AT3G26744,AT3G17580,0.0436938706315288
AT3G57800,AT3G11110,0.0436274174473884
AT5G24800,AT1G52618,0.0434370249848667
AT3G07340,AT5G07860,0.0433762446262342
AT3G59060,AT1G70700,0.0433375984017573
AT1G61660,AT1G06620,0.0432742293200676
AT3G19860,AT3G15357,0.0432392710640723
AT5G06960,AT2G42940,0.0432158346783479
AT1G05805,AT3G11110,0.0431032123527955
AT5G39860,AT2G32020,0.0430705523174389
AT3G62090,AT1G07985,0.0430265864332458
AT3G26744,AT2G15480,0.0429343151509421
AT5G48560,AT2G41430,0.042911018999979
AT3G26744,AT2G18193,0.042891672431723
AT1G18400,AT1G73120,0.0427931469771908
AT5G48560,AT1G43650,0.0427863680885747
AT4G00050,AT4G29930,0.0427337405353937
AT3G26744,AT1G32690,0.0427017131154938
AT5G62610,AT2G32020,0.0426406866882861
AT2G24260,AT5G44280,0.0425932367679717
AT2G24260,AT4G01883,0.0425903287935826
AT3G26744,AT1G08320,0.0425806100801657
AT2G46510,AT4G29270,0.0425737330249693
AT3G24140,AT1G24580,0.0424912181440078
AT3G19860,AT1G45201,0.0421402869956127
AT3G26744,AT3G18970,0.0421101481886891
AT1G26260,AT4G37895,0.0420511912221367
AT5G48560,AT5G15830,0.0420423523159937
AT1G22070,AT5G15830,0.0420395668868444
AT3G61950,AT1G09480,0.0420083441107746
AT5G48560,AT4G36540,0.0419984427445673
AT2G46270,AT5G60890,0.0419704394178359
AT2G40620,AT1G13970,0.0418448642598491
AT1G01260,AT1G07150,0.0418152611290658
AT2G18300,AT3G14870,0.0416734753963925
AT1G10610,AT4G05010,0.0415894224071956
AT3G59060,AT1G22370,0.0415321062479336
AT3G24140,AT3G58120,0.041515333837398
AT3G59060,AT5G49730,0.041507765034453
AT3G26744,AT1G05600,0.0414826552811213
AT5G62610,AT5G14750,0.0414233388269572
AT2G24260,AT4G24480,0.0413769299396946
AT3G54620,AT3G51960,0.0412683630002766
AT5G65640,AT2G04100,0.0412668655790325
AT2G18300,AT3G10340,0.0411922769878609
AT4G36540,AT4G35900,0.0411496372610718
AT5G48560,AT5G43870,0.0411336353617425
AT1G03970,AT3G51450,0.041110491431784
AT2G24260,AT2G32020,0.0411058756499619
AT3G26744,AT4G12840,0.0410870142742608
AT3G07340,AT1G72140,0.0410072049829424
AT5G08130,AT3G05800,0.0409293553114441
AT3G24140,AT5G58440,0.0409185974510759
AT1G43700,AT5G39240,0.0409103386669883
AT1G01260,AT2G32020,0.0408574813116083
AT2G40620,AT1G68110,0.040842091573051
AT5G08130,AT1G10610,0.0407774960607916
AT4G29100,AT3G28740,0.0406924756436878
AT1G05805,AT3G48350,0.0406764392219356
AT1G03970,AT5G15830,0.0406028033562387
AT2G42380,AT1G13970,0.0404608214140886
AT5G48560,AT1G62975,0.0403673074229451
AT1G63650,AT5G48540,0.0403191046476113
AT3G19860,AT2G41130,0.0403056751755539
AT3G26744,AT3G59650,0.0402176361584994
AT3G26744,AT4G19020,0.0401833084534232
AT3G59060,AT4G29930,0.0401813827822675
AT3G24140,AT2G42730,0.0401634505359271
AT3G59060,AT5G48560,0.0401519710454425
AT1G42990,AT2G21640,0.0401094388221322
AT4G36730,AT1G27670,0.0400342655266518
AT2G24260,AT1G31950,0.0400299881592426
AT5G54680,AT2G18193,0.0399825803983771
AT4G36930,AT1G45201,0.039917333522713
AT3G07340,AT5G48560,0.0398806093202394
AT1G51070,AT5G14750,0.0398296627836358
AT3G26744,AT5G65640,0.0397357832558744
AT5G54680,AT4G37895,0.039735267352407
AT5G08130,AT4G24480,0.0396910465002496
AT3G26744,AT1G27670,0.0396445784837073
AT3G59060,AT5G45340,0.0396430065884281
AT2G31280,AT4G37895,0.0395962337365125
AT5G08130,AT3G58120,0.039582008222234
AT3G54620,AT1G16030,0.0395735286969694
AT5G08130,AT3G48260,0.0395700807062222
AT1G32640,AT1G62975,0.0395697928789226
AT5G46690,AT4G01460,0.0395573430313308
AT3G26744,AT5G43810,0.0395413016104523
AT4G35040,AT4G29930,0.0394819675091532
AT1G27660,AT5G39240,0.0394767484842113
AT3G24140,AT2G15960,0.0394464051165429
AT2G42380,AT1G60270,0.0393732177608054
AT2G42380,AT4G18700,0.0393201832735978
AT4G34000,AT5G01520,0.0393187416509857
AT4G38900,AT5G62480,0.0393061748849984
AT1G32640,AT1G74440,0.0393055567167539
AT5G08130,AT3G58640,0.0391579458370289
AT4G36540,AT5G48560,0.0391546811910176
AT3G06590,AT3G49260,0.0391358260139766
AT3G06590,AT3G61750,0.0390306907952411
AT3G26744,AT5G44280,0.0390271313980973
AT3G47640,AT1G60270,0.0389821652491548
AT3G25710,AT1G24580,0.0389807792216349
AT2G42380,AT5G15600,0.0389652182385802
AT1G03040,AT4G37895,0.0389495721696268
AT3G26744,AT1G70950,0.038946105202515
AT1G10610,AT3G12502,0.0389262448046114
AT3G26744,AT1G17285,0.0388707126799738
AT5G50915,AT3G50800,0.0388654760841532
AT3G59060,AT1G76240,0.0387895699865511
AT5G24800,AT1G74840,0.0387714826433493
AT5G65210,AT5G49450,0.0387692877835456
AT5G49450,AT5G14780,0.0387286689538365
AT4G17880,AT2G28780,0.0387150420700934
AT3G26744,AT5G19520,0.038678696492122
AT3G26744,AT4G16155,0.038665714094819
AT5G24800,AT3G62090,0.0386606846331956
AT2G42300,AT4G35900,0.0385680302440924
AT2G47270,AT5G50335,0.0385544546253738
AT1G32640,AT3G09490,0.0385258555183054
AT1G61660,AT4G29100,0.0385174160490969
AT3G57800,AT4G20362,0.0384966453494776
AT1G03970,AT5G15265,0.0384280744300149
AT5G48560,AT5G48540,0.0383890156510481
AT3G62090,AT5G24800,0.0383596265552525
AT3G17100,AT5G53210,0.0383407506152486
AT1G51140,AT1G60270,0.0383341418162001
AT4G01120,AT1G75030,0.0383142685733223
AT3G26744,AT3G48350,0.0382021900709496
AT3G47640,AT5G48540,0.0381812854893011
AT1G43700,AT3G28220,0.0381353029099727
AT5G49450,AT1G02660,0.0380935121715381
AT2G18300,AT3G53350,0.0380854731975251
AT1G03970,AT4G29270,0.0380521250686321
AT3G26744,AT4G23170,0.0379792503167635
AT5G48560,AT5G49740,0.0378941690921572
AT1G62975,AT1G72140,0.0378621915280803
AT3G54620,AT5G49450,0.0378465425801754
AT3G59060,AT5G57785,0.0377749141099043
AT2G43060,AT5G48540,0.0377502994546384
AT1G32640,AT1G20450,0.0377377321974085
AT1G26260,AT2G47140,0.0376760743906585
AT4G36540,AT3G28220,0.0376476515525964
AT3G26744,AT3G61680,0.037563639165334
AT3G06590,AT3G53350,0.0375600261164974
AT3G26744,AT1G15290,0.0375208129099776
AT4G29100,AT3G28220,0.0375127203619133
AT2G47270,AT3G59220,0.0375076111382482
AT3G54620,AT2G15480,0.0374413976610839
AT3G61950,AT1G14120,0.0373694597216052
AT3G26744,AT5G62480,0.0373606697898265
AT5G08130,AT1G27660,0.0373509412417659
AT3G06590,AT4G19040,0.0373262900578882
AT3G26744,AT1G64660,0.0372709474898795
AT1G03040,AT3G53450,0.0372629773320358
AT3G59060,AT5G39860,0.0372187569258032
AT5G65210,AT3G45730,0.0371957195565802
AT5G54680,AT5G49560,0.0371488710369361
AT1G26260,AT5G63700,0.0371066376153441
AT5G08130,AT5G15265,0.037104648639714
AT4G30980,AT5G11420,0.0371020078373318
AT3G26744,AT4G02020,0.0370710323156732
AT3G59060,AT3G23050,0.0370551743104605
AT1G35460,AT3G01680,0.0370471306081646
AT3G26744,AT4G08290,0.0370407604065225
AT5G48560,AT2G39730,0.0370040972534547
AT5G08130,AT4G02360,0.0369721786745535
AT3G26744,AT2G20480,0.036890454448604
AT5G48560,AT3G13980,0.036843563361726
AT5G48560,AT3G23050,0.036822599567727
AT2G18300,AT3G49260,0.0368094599678051
AT3G26744,AT4G36930,0.0368092890175688
AT3G19860,AT1G75030,0.0368022405617376
AT3G24140,AT3G28220,0.0367852657192981
AT5G06950,AT1G07150,0.0367696750817311
AT5G08130,AT1G69040,0.0367350391909065
AT4G09180,AT1G24580,0.0367126264778559
AT3G26744,AT2G37060,0.0366939215893731
AT5G46760,AT2G26040,0.0366756137934521
AT5G50915,AT2G39730,0.0366386836442462
AT4G36730,AT5G45340,0.0366219811020622
AT5G49450,AT3G16910,0.0365955687099264
AT4G29100,AT1G61660,0.0365850090944117
AT4G36730,AT3G50800,0.0364808573094771
AT5G48560,AT4G29930,0.0364299432814918
AT5G49450,AT3G27380,0.036414324279135
AT3G24140,AT3G01970,0.0364063589233832
AT4G34000,AT5G19875,0.0363574234061772
AT3G61950,AT3G28220,0.0363401206641036
AT2G47270,AT5G15830,0.0363316244934657
AT3G26744,AT1G55370,0.0363094928834678
AT5G48560,AT1G70700,0.0363065796972638
AT5G06950,AT3G28220,0.0362600720992994
AT1G32150,AT3G05800,0.0362592666356574
AT3G06590,AT1G73120,0.0362489880522009
AT5G24800,AT5G53210,0.0362488218029408
AT3G26744,AT1G05835,0.036142790533143
AT3G26744,AT1G77450,0.0361176975341371
AT2G24260,AT2G24360,0.0360981660641312
AT3G26744,AT5G59590,0.0360401010522678
AT3G26744,AT3G02990,0.0360370528604584
AT4G36540,AT2G18300,0.0360281646322803
AT5G08130,AT2G39810,0.035995998583287
AT3G17100,AT1G07150,0.0358750884745839
AT2G46810,AT1G45201,0.0358419639791869
AT2G31280,AT1G27670,0.0358279973156103
AT3G61950,AT1G28360,0.0358205687714073
AT3G24140,AT2G47390,0.035804801546218
AT1G10120,AT5G15830,0.0356909528281575
AT3G26744,AT3G05130,0.0356798623108063
AT2G24260,AT1G09470,0.0355981523668429
AT3G26744,AT5G58760,0.0355484099532677
AT2G46270,AT3G50850,0.0355299947867178
AT2G24260,AT5G07860,0.0354921016343938
AT5G49450,AT3G12510,0.0354718757713568
AT5G48560,AT1G22370,0.0354685003007638
AT5G24800,AT4G40010,0.0354477824713346
AT1G05805,AT4G37895,0.0354429560210221
AT5G48560,AT1G32640,0.0354044998476743
AT3G54620,AT1G24580,0.0353671304717891
AT5G08130,AT1G27670,0.0353464527322122
AT1G10610,AT2G39810,0.0353404087857223
AT5G48560,AT2G43010,0.0353351396604008
AT3G26744,AT2G23430,0.0353346529404686
AT4G02640,AT1G07150,0.0353211777241696
AT3G26744,AT2G46290,0.0353171172165263
AT2G35530,AT2G41130,0.0353167946772847
AT5G46760,AT5G48540,0.0353167306936121
AT1G26260,AT1G15290,0.0352150050693662
AT2G35530,AT4G31100,0.0351310529972374
AT3G26744,AT1G72250,0.0351176215450093
AT3G26744,AT5G63500,0.0350659249688103
AT1G51070,AT3G15950,0.0350534504858616
AT3G26744,AT3G63480,0.0350205953332481
AT4G38900,AT3G59220,0.0349880997416734
AT3G26744,AT3G47780,0.0349770950058464
AT4G38900,AT1G27670,0.0349749701769376
AT4G36540,AT3G45680,0.0349566326150443
AT2G18300,AT1G80120,0.0349508483453204
AT3G57800,AT3G28220,0.03494924234839
AT3G12250,AT3G17580,0.034933954021065
AT3G54620,AT3G53450,0.0349337324006706
AT3G59060,AT5G67110,0.0349054527722563
AT3G26744,AT3G46920,0.0348809460182785
AT4G02640,AT1G35430,0.0348270881659247
AT5G08130,AT1G33240,0.0347922892365142
AT4G36730,AT5G52570,0.0347904700131764
AT1G42990,AT1G31710,0.0346979053648786
AT3G24140,AT1G75760,0.0346958820356193
AT5G48560,AT5G57785,0.0346761725101708
AT1G03040,AT2G32020,0.0346560686445726
AT5G08130,AT3G44320,0.0346543632199947
AT5G46760,AT1G31050,0.0346230479169976
AT5G08130,AT5G07860,0.0346005978923948
AT5G08130,AT2G42380,0.034598716245362
AT4G16430,AT5G62480,0.0345855658024293
AT2G46270,AT3G03170,0.0345674921729976
AT4G36730,AT4G36060,0.0345573359702691
AT5G08130,AT5G66350,0.0345404778584694
AT1G42990,AT1G04635,0.0345205926660589
AT4G02640,AT5G04000,0.0345192284578224
AT3G24140,AT1G52342,0.0345187724039072
AT1G61660,AT1G43650,0.0344863293824783
AT3G54620,AT1G06620,0.0344684409927586
AT5G08130,AT1G05835,0.0344662783574227
AT4G00480,AT5G15265,0.0344451851394358
AT1G03040,AT1G28360,0.034438701355448
AT5G08130,AT5G42092,0.0344290437068619
AT3G26744,AT2G31010,0.0343908782619316
AT1G51140,AT5G49450,0.0343851892521004
AT3G26744,AT1G78700,0.0343632932414138
AT4G02640,AT1G68810,0.0343546796870129
AT5G08130,AT5G19520,0.0343007671715149
AT4G38900,AT3G17580,0.0342936521000484
AT3G59060,AT1G45201,0.0342914202956981
AT5G48560,AT2G32020,0.0342813714237001
AT2G35530,AT5G62480,0.0342791872190327
AT3G26744,AT1G49870,0.0342432668377199
AT3G57800,AT2G46310,0.0342423036595433
AT3G57800,AT4G29270,0.0342345727336913
AT3G24140,AT3G44320,0.034224815913741
AT3G54620,AT3G15950,0.034216957963637
AT2G41070,AT3G09490,0.0342147612597611
AT3G26744,AT1G19490,0.0341897209829431
AT5G48560,AT4G30410,0.034142829470881
AT3G54620,AT2G04100,0.03413602188784
AT2G46810,AT1G02930,0.0341026711569414
AT3G20640,AT5G62480,0.0341009150510048
AT5G38860,AT5G53290,0.0340741396547051
AT5G06960,AT4G35900,0.0340077455039913
AT5G08130,AT3G21870,0.0339759669756207
AT3G26744,AT3G63430,0.033970481752496
AT3G26744,AT2G06040,0.0339662128865862
AT5G08130,AT2G20180,0.0339473118105576
AT3G26744,AT3G43210,0.0339110927445476
AT1G32640,AT2G47270,0.0338916853009187
AT1G45249,AT5G02200,0.0338833931748199
AT5G48560,AT2G39350,0.0338823946415107
AT3G26744,AT2G43810,0.0338592378127772
AT3G06590,AT4G37730,0.0337299962537312
AT1G32640,AT5G45340,0.0337172118459529
AT3G26744,AT1G09530,0.0337110201482394
AT3G59060,AT5G05850,0.0337104083190055
AT3G26744,AT4G18890,0.0336889226891434
AT3G59060,AT3G44310,0.0336569011511911
AT5G54680,AT5G19520,0.0336547438674208
AT5G48560,AT1G49780,0.0336461241566672
AT5G49450,AT5G18670,0.0335916295472789
AT5G49450,AT5G21990,0.0335842719451041
AT3G54620,AT1G65690,0.0335726184112698
AT5G24800,AT4G29100,0.0335590865721752
AT4G09180,AT4G23170,0.0335406284597177
AT5G49450,AT4G16760,0.0335404140871136
AT3G26744,AT2G23348,0.0335271229257615
AT3G59060,AT1G23480,0.0335200741446843
AT1G43700,AT1G14120,0.0335141584111199
AT3G26744,AT2G47140,0.0334977016693985
AT5G06950,AT5G39240,0.0334974245760342
AT4G36730,AT1G62280,0.0334922888868249
AT2G41070,AT1G62710,0.0334545644912661
AT3G54620,AT1G07985,0.0334410030239463
AT5G48560,AT1G23480,0.0334372478822006
AT3G26744,AT4G30810,0.0334357911653797
AT3G26744,AT3G50790,0.0334312157093729
AT3G24140,AT3G05800,0.0333910514373824
AT2G24260,AT1G79630,0.0333820328035251
AT3G26744,AT2G22730,0.0333668596179398
AT3G54620,AT4G35783,0.0333583823306829
AT3G24140,AT4G34000,0.0333338588769266
AT2G43010,AT5G53210,0.0333227120883539
AT1G19490,AT2G42940,0.033292842457029
AT5G08130,AT2G42800,0.0332924163679707
AT3G26744,AT1G69330,0.0332865317382329
AT3G26744,AT5G08580,0.0332420286540997
AT5G50915,AT3G05800,0.0332114035026583
AT1G32640,AT3G51450,0.0331926288850811
AT3G26744,AT5G60930,0.0331826466879562
AT3G26744,AT1G07985,0.0331598302333981
AT3G19290,AT3G15357,0.0331577104457503
AT1G32640,AT3G11840,0.0331507827700626
AT1G31050,AT1G79520,0.0331462792695738
AT3G26744,AT5G53280,0.0331417664013357
AT3G61950,AT5G62480,0.0331328142459864
AT5G67110,AT1G07150,0.0331279742452791
AT3G26744,AT4G26760,0.0331120195539496
AT3G06590,AT1G21920,0.0331112982275923
AT2G13130,AT3G11110,0.0330959512879878
AT3G62090,AT2G42940,0.03308998381853
AT1G32640,AT5G47240,0.0330898935881836
AT1G32150,AT1G28360,0.0330811564915623
AT3G24140,AT4G32272,0.0330777716132069
AT2G47270,AT5G39240,0.0330739884207368
AT3G26744,AT2G40810,0.0330669057082392
AT5G08130,AT2G17570,0.0330443567027519
AT3G17100,AT1G45201,0.0330062032389659
AT1G68920,AT3G11110,0.0330016879032084
AT1G05710,AT4G33220,0.0329871386766738
AT3G26744,AT5G05480,0.0329774958925082
AT5G49450,AT5G65210,0.0329719895123618
AT3G26744,AT5G09995,0.0329265810880884
AT3G26744,AT5G63970,0.0329000676465073
AT3G26744,AT1G18040,0.0329000334153958
AT3G59060,AT2G04100,0.0328735855598195
AT4G36730,AT3G62160,0.0328503007730646
AT3G26744,AT5G24850,0.0328403310816032
AT3G06590,AT1G18400,0.0328309095813975
AT5G08130,AT2G04100,0.0328184263079548
AT3G17100,AT2G21640,0.0327832896511498
AT4G34000,AT2G37260,0.0327825999457931
AT3G26744,AT5G13850,0.0327811403759533
AT1G03970,AT1G75030,0.0327689775974259
AT4G38900,AT2G43550,0.0327627866474613
AT3G26744,AT5G08510,0.0327555970791462
AT3G26744,AT2G21880,0.0327503918769162
AT4G36540,AT3G48260,0.0327322555871317
AT2G46270,AT5G62480,0.0327267750701736
AT5G50915,AT3G28740,0.0327155322926015
AT3G26744,AT4G01410,0.0327007372397022
AT5G08130,AT2G47270,0.0326807313984385
AT3G26744,AT1G12920,0.032679948308736
AT3G26744,AT2G21080,0.0326741527046217
AT1G42990,AT3G11110,0.0326668076998969
AT3G07340,AT3G59220,0.0326618424541352
AT3G56850,AT5G53210,0.0326588305945746
AT3G26744,AT2G25880,0.0326539426047983
AT2G46810,AT2G31980,0.0326509605032766
AT3G24140,AT4G30960,0.0326402920999736
AT3G26744,AT4G28703,0.0326311597337879
AT4G00050,AT5G11420,0.0326203463658826
AT3G26744,AT1G75560,0.0326134517184422
AT3G59060,AT3G12320,0.0326084255394125
AT5G48560,AT3G47340,0.0326077020305869
AT3G26744,AT4G37370,0.0325938392421595
AT5G08130,AT1G21410,0.0325923071780291
AT2G24260,AT4G29930,0.0325762205525813
AT5G08130,AT1G70950,0.0325723229959946
AT5G08130,AT2G45680,0.0325714804055606
AT3G26744,AT2G36390,0.0325678617336576
AT3G61950,AT5G15830,0.0325620001406727
AT1G10610,AT1G69040,0.0325489172759172
AT3G26744,AT5G41110,0.0325434657161186
AT3G26744,AT5G46870,0.0325284383180658
AT5G08130,AT5G63160,0.0325143683888037
AT2G22850,AT3G28740,0.0325087876360239
AT3G23210,AT2G41130,0.0324348015735114
AT5G48560,AT2G47270,0.0324272768561092
AT1G26260,AT2G22170,0.0324227593839821
AT4G02590,AT5G66080,0.0324214817922467
AT5G08130,AT5G02820,0.0323985958903578
AT3G23690,AT1G24580,0.0323955088559194
AT5G39860,AT2G04100,0.0323718350694558
AT3G06590,AT2G45290,0.0323617515702423
AT4G00480,AT2G47180,0.032339106310718
AT1G05710,AT3G15950,0.0323348076801557
AT3G26744,AT4G37510,0.0322907041773775
AT5G08130,AT5G67140,0.0322704396986978
AT2G24260,AT1G44800,0.032254687510281
AT5G61270,AT5G42092,0.0322409243276864
AT3G26744,AT3G05380,0.0322389044383414
AT3G26744,AT4G30980,0.0321855261874941
AT4G36540,AT4G30410,0.0321677609506333
AT1G42990,AT1G31320,0.0321448098651987
AT3G26744,AT3G62110,0.0321390810043718
AT3G24140,AT4G18950,0.0321237275491213
AT3G17100,AT3G01680,0.0321177941028769
AT3G51960,AT5G48540,0.0321097464439357
AT3G26744,AT1G32760,0.0321030711867339
AT5G67110,AT3G01490,0.0321008373962857
AT3G26744,AT2G21130,0.032090086175055
AT3G26744,AT3G15430,0.0320632011200486
AT5G44080,AT5G07860,0.032049973383402
AT5G08130,AT2G01918,0.0320348296311675
AT5G49450,AT4G27410,0.0320075469229407
AT3G26744,AT5G54970,0.0319898184518067
AT4G34000,AT3G50800,0.0319859087395435
AT3G26744,AT2G05160,0.0319848538121924
AT3G19860,AT1G32690,0.0319699417950625
AT3G26744,AT4G01883,0.0319698501454683
AT5G08130,AT5G42440,0.0319587759318903
AT5G49450,AT5G56980,0.0319143039983229
AT3G07340,AT3G11110,0.0319043943455403
AT4G34000,AT1G24530,0.0318995703170345
AT5G08130,AT1G32760,0.0318983920780257
AT2G18300,AT1G21920,0.0318866735103031
AT5G08130,AT3G49260,0.0318845285130945
AT1G26260,AT5G27420,0.0318701086307451
AT3G26744,AT5G17460,0.0318497932580783
AT3G26744,AT5G02120,0.0318471508510403
AT3G26744,AT5G02280,0.0318432904847477
AT3G26744,AT2G46535,0.0318407056841606
AT3G26744,AT3G11050,0.0318365398644998
AT4G36930,AT1G08320,0.0318358299920697
AT3G26744,AT4G25260,0.0318355954412161
AT5G38860,AT3G28220,0.03180879838061
AT3G26744,AT2G40540,0.0317622301988706
AT1G03970,AT5G42092,0.0317451786309081
AT1G12860,AT3G26744,0.0316962096398817
AT5G48560,AT3G18970,0.031667479577941
AT1G05805,AT2G18300,0.0316613152380172
AT1G68920,AT1G16730,0.0316436824231038
AT3G26744,AT5G67460,0.0316397246809616
AT3G24140,AT4G23170,0.0316249626190605
AT2G31280,AT5G48540,0.0315928855597853
AT4G29100,AT5G48540,0.0315890972522063
AT5G08130,AT2G42260,0.0315771512223251
AT1G03970,AT1G33170,0.0315681318978637
AT3G26744,AT1G70090,0.0315652443791442
AT3G24140,AT3G22380,0.0315544619897134
AT2G24260,AT1G14120,0.0315508796149809
AT2G24260,AT4G37390,0.0315291418517163
AT3G26744,AT5G66090,0.0315279583312938
AT5G49450,AT5G63790,0.0315266614452717
AT3G26744,AT1G55150,0.0315091483318442
AT3G26744,AT1G11020,0.0314902460952431
AT4G36730,AT1G23480,0.0314894071113714
AT1G03040,AT4G29270,0.0314854121851785
AT3G59060,AT2G39730,0.0314798889288942
AT3G26744,AT4G24480,0.031477111980042
AT3G26744,AT5G46690,0.0314616007618662
AT1G08320,AT1G62710,0.0314438470490023
AT3G26744,AT2G18780,0.0314339578379433
AT4G02590,AT5G15830,0.0314278848808306
AT3G26744,AT3G19790,0.0314228567374072
AT3G24140,AT3G05030,0.0314036951028058
AT4G36930,AT3G11110,0.0313860948152516
AT5G50915,AT5G26200,0.0313552173692648
AT3G06590,AT2G35840,0.031337956415645
AT5G08130,AT2G21640,0.031286689112024
AT3G19290,AT2G04100,0.0312776071994533
AT5G08130,AT3G49570,0.0312591202111531
AT3G26744,AT1G76065,0.0312587198699988
AT3G26744,AT5G01270,0.0312544890654978
AT3G26744,AT2G45980,0.031236461143256
AT3G26744,AT2G39440,0.0312338356806884
AT1G27660,AT2G39810,0.0312202407107951
AT4G09180,AT2G47140,0.0312177899894992
AT1G61660,AT1G27670,0.0312175578466974
AT3G26744,AT1G07080,0.0312077243533768
AT3G26744,AT1G13740,0.0312070341087693
AT3G26744,AT2G02810,0.0312063952502232
AT3G26744,AT2G16770,0.0312056491340841
AT3G24140,AT5G06980,0.0311936441601648
AT3G26744,AT3G51470,0.0311923992200865
AT4G36930,AT5G62480,0.0311892292416285
AT3G26744,AT2G01150,0.0311872326200584
AT5G08130,AT5G18920,0.0311820388366932
AT4G36540,AT5G39860,0.0311674615948404
AT5G08130,AT2G16980,0.0311674233661676
AT5G48560,AT5G60890,0.0311570913854754
AT2G46270,AT1G52618,0.0311418683309011
AT5G48560,AT2G20480,0.0311296350121445
AT5G08130,AT5G53280,0.031122578090906
AT5G08130,AT1G23120,0.0311219430286227
AT3G26744,AT4G11220,0.0311217852892853
AT1G63650,AT5G19520,0.0311206810865844
AT3G23690,AT4G37895,0.0311136869734058
AT3G24140,AT2G46340,0.0310874244470706
AT5G08130,AT1G60260,0.0310490639305485
AT1G59640,AT3G09490,0.0310477493253583
AT3G59060,AT5G50335,0.031037205776369
AT3G26744,AT3G52230,0.0310218437308773
AT3G26744,AT3G54110,0.0310122981759509
AT5G08130,AT2G22730,0.0309535632587501
AT3G26744,AT4G00310,0.0309451865384427
AT3G26744,AT1G69010,0.0309428865145586
AT3G26744,AT1G47720,0.0309427867307329
AT3G26744,AT3G54826,0.030932881154946
AT4G02640,AT2G21640,0.0309198998214339
AT3G26744,AT5G52420,0.0309188836173768
AT5G08130,AT4G02060,0.0308917427119228
AT1G32640,AT1G72140,0.0308907015511398
AT3G26744,AT4G21270,0.0308611191411232
AT1G42990,AT1G24580,0.0308368420506046
AT5G08130,AT4G19710,0.0308349187513085
AT3G59060,AT5G61270,0.0308322326733084
AT5G50915,AT3G59220,0.030820311103491
AT5G49450,AT3G56360,0.0308167296025638
AT3G26744,AT1G53670,0.0308019230206785
AT3G26744,AT1G03600,0.0307881463558195
AT1G01260,AT1G07985,0.0307849311334315
AT5G48560,AT1G20450,0.0307848648264893
AT3G26744,AT5G52510,0.0307470877551089
AT3G26744,AT1G59980,0.0307206208232681
AT3G26744,AT3G48610,0.0307171627073399
AT5G08130,AT1G11220,0.0307151854275267
AT5G08130,AT4G00310,0.0307050185787057
AT1G10120,AT5G51780,0.0307041738480822
AT5G08130,AT5G19120,0.0306970986088362
AT3G54620,AT3G47340,0.0306865016086335
AT3G26744,AT1G80245,0.0306733763395333
AT3G26744,AT3G53720,0.0306551136822953
AT5G08130,AT1G13950,0.0306524572167787
AT1G10120,AT1G62280,0.0306354721619126
AT1G12860,AT2G01430,0.0306349074522924
AT1G12860,AT1G56170,0.0306347529561656
AT4G01120,AT1G31050,0.030595756881639
AT5G62610,AT5G19520,0.0305856933548694
AT3G26744,AT1G79630,0.030575391973966
AT3G26744,AT1G80110,0.0305722147684441
AT3G26744,AT5G29000,0.0305662945190044
AT3G26744,AT3G18160,0.0305586507802156
AT5G48560,AT3G48260,0.0305456376519837
AT5G08130,AT4G37800,0.030545071460623
AT3G59060,AT3G22450,0.0305233914896634
AT3G26744,AT3G01060,0.0305222869072935
AT3G26744,AT5G62500,0.0305129045986997
AT5G08130,AT3G49660,0.0305108503884419
AT3G06590,AT4G29270,0.0304982004022766
AT1G43700,AT1G73120,0.030496440537437
AT3G26744,AT3G57540,0.0304961147679525
AT3G26744,AT3G04860,0.0304854783175128
AT5G08130,AT3G46920,0.0304826085149001
AT2G24260,AT5G66350,0.0304665049147159
AT5G08130,AT1G77920,0.03046264012178
AT5G08130,AT3G55140,0.0304463956377444
AT3G26744,AT2G38000,0.0304424777144055
AT3G26744,AT5G61930,0.0304326394205457
AT3G20640,AT2G41130,0.0304207276902188
AT5G54680,AT1G73120,0.0304148005976381
AT3G26744,AT3G62980,0.0304079713192266
AT3G56850,AT3G53450,0.0303937157637743
AT1G03970,AT1G48330,0.0303743155398525
AT1G32150,AT1G75030,0.0303723265322689
AT5G08130,AT3G11210,0.030366485650193
AT3G26744,AT1G72170,0.0303640114652744
AT5G08130,AT4G08290,0.0303614675253767
AT1G32640,AT2G47180,0.0303519697934998
AT5G08130,AT2G46800,0.0303209497484615
AT1G26260,AT1G72250,0.0303196680161458
AT5G48560,AT1G02340,0.030302824287582
AT5G08130,AT5G39800,0.0302986894485974
AT5G67110,AT1G14120,0.0302948330253642
AT3G26744,AT1G70590,0.0302913313084752
AT3G26744,AT3G01360,0.0302717361078579
AT4G29100,AT3G25710,0.0302556715369164
AT5G48560,AT4G28290,0.0302537178466377
AT1G08320,AT2G15480,0.0302509318523997
AT5G08130,AT1G79260,0.0302439937908842
AT5G08130,AT4G12850,0.030237248111491
AT3G26744,AT3G03320,0.0302363056033204
AT2G46810,AT3G55120,0.0302249457437958
AT3G59060,AT5G41810,0.0302172415309341
AT1G32640,AT5G52570,0.0302114594071708
AT5G48560,AT1G22360,0.0302111051953125
AT5G08130,AT1G44350,0.030209646179711
AT3G26744,AT4G31310,0.0302086648942642
AT5G67110,AT3G59060,0.0301927717324362
AT1G03040,AT2G42940,0.0301877526531095
AT3G26744,AT3G08630,0.0301808129864232
AT3G24140,AT4G05320,0.0301778024390232
AT3G26744,AT1G79060,0.0301764527961613
AT3G26744,AT1G75060,0.0301737829534847
AT1G19490,AT1G45201,0.0301713379895826
AT3G26744,AT2G22170,0.0301666945785041
AT3G26744,AT1G35460,0.0301614321443685
AT3G26744,AT1G27595,0.0301547124101018
AT5G08130,AT1G55820,0.0301512977722297
AT1G32150,AT2G43550,0.0301469768535445
AT3G26744,AT1G04630,0.0301416302189643
AT5G57150,AT5G66350,0.0301239839450904
AT3G19860,AT5G48540,0.0301234000907454
AT3G26744,AT5G47090,0.0301207919698172
AT3G26744,AT5G03150,0.0301195116020469
AT5G08130,AT3G51470,0.0301132411659326
AT5G08130,AT3G24090,0.0301069569318795
AT3G26744,AT5G16760,0.0300927877532341
AT3G26744,AT5G05330,0.0300788206524637
AT3G26744,AT3G53000,0.0300786069036076
AT3G26744,AT2G18170,0.0300777136448318
AT4G36730,AT5G15265,0.0300748725094092
AT5G08130,AT1G71350,0.030074861302158
AT5G08130,AT2G30150,0.0300712617508467
AT3G26744,AT2G46700,0.0300683335182857
AT3G26744,AT4G17560,0.030066053854258
AT3G26744,AT1G15180,0.0300619665779833
AT3G26744,AT5G01850,0.0300567330877528
AT3G26744,AT5G51740,0.0300388633447799
AT1G45249,AT2G18193,0.0300301148821589
AT3G26744,AT4G20440,0.0300281790817599
AT5G08130,AT3G53800,0.0300275421307168
AT3G26744,AT3G47490,0.0300212702415707
AT5G08130,AT4G25260,0.0300195116626796
AT3G26744,AT5G16420,0.0300158730570584
AT2G41070,AT4G35783,0.0300132966107963
AT5G48560,AT5G49730,0.0300089729734606
AT4G01460,AT5G46690,0.0300021566591382
AT3G25710,AT2G28780,0.0300008417090968
AT3G23690,AT3G12502,0.02999960054576
AT5G08130,AT2G42730,0.0299982237224409
AT5G50915,AT5G24155,0.0299953039080798
AT3G26744,AT3G03590,0.0299937939270537
AT3G26744,AT3G08720,0.0299932765637315
AT1G03970,AT1G62280,0.0299912646211214
AT4G34000,AT3G62160,0.0299849683834224
AT5G48560,AT5G63160,0.0299518853516013
AT3G26744,AT5G47110,0.0299482675194274
AT1G26260,AT1G73120,0.0299461330120723
AT1G32640,AT1G24530,0.0299401066603966
AT3G26744,AT3G03680,0.0299308898837661
AT1G10120,AT5G07010,0.0299233521695926
AT3G26744,AT1G74700,0.0299223460258943
AT3G26744,AT5G15160,0.0299176998378358
AT1G31050,AT3G26440,0.0299093153929999
AT5G08130,AT3G13910,0.0299044332652784
AT3G26744,AT2G45880,0.0299042510492212
AT3G26744,AT4G29420,0.0299023823440596
AT3G26744,AT3G14330,0.0299014448908111
AT3G26744,AT1G16300,0.0298945850840997
AT3G26744,AT2G44730,0.0298796805408979
AT1G32150,AT2G28780,0.0298775569152579
AT1G42990,AT3G62160,0.0298767879494445
AT3G26744,AT4G32530,0.0298736512895665
AT5G08130,AT4G39460,0.0298728135407117
AT1G05805,AT3G45730,0.0298726694583676
AT3G24140,AT4G04970,0.0298620251415858
AT3G26744,AT1G50000,0.0298599087761373
AT3G26744,AT2G03470,0.0298525794594312
AT3G07340,AT2G42940,0.0298520574152211
AT1G05805,AT2G32020,0.0298489168691899
AT3G26744,AT5G40600,0.0298418688898932
AT5G08130,AT5G56990,0.0298396820280724
AT3G26744,AT1G15175,0.0298219084939118
AT3G26744,AT3G18750,0.0298137283019936
AT3G26744,AT1G47820,0.0298066896003464
AT3G26744,AT4G13050,0.0298008547526277
AT5G67110,AT1G22370,0.029800515190153
AT3G26744,AT4G02640,0.0297812933461596
AT5G08130,AT5G15830,0.0297811043641828
AT2G41070,AT3G17580,0.0297774399955891
AT5G48560,AT5G67110,0.029775716414989
AT3G26744,AT1G27730,0.0297635854147478
AT1G32640,AT5G60890,0.0297625069997387
AT3G26744,AT1G26761,0.0297605789818694
AT3G24140,AT4G23600,0.0297553536853348
AT5G54680,AT2G47140,0.0297545509768832
AT3G54620,AT5G49560,0.0297532976690454
AT5G50915,AT3G47540,0.0297507255260231
AT2G42380,AT3G48260,0.0297393451239436
AT5G08130,AT1G04020,0.0297346063101518
